,ticker,text,0,1
0,AMZN,RT  philgrahambiz   saxena puru  AMZN is my favorite stock  I think it sees  K next year easily ,RT  philgrahambiz   saxena puru  AMZN is my favorite stock  I think it sees  K next year easily ,1
1,AMZN,RT  hellokitty  Supercute  Super sweet  Super stylish    Introducing the  Mattel x Hello Kitty and Friends line  featuring fashion dolls  c ,RT  hellokitty  Supercute  Super sweet  Super stylish    Introducing the  Mattel x Hello Kitty and Friends line  featuring fashion dolls  c ,1
2,AMZN,RT  Lara leims  Novela  OCULTA TRAS SU MIRADA    Qu  esconde la desaparici n de Paola   Dinero  amor  sexo  venganza  O tal vez     Lectura ,RT  Lara leims  Novela  OCULTA TRAS SU MIRADA    Qu  esconde la desaparici n de Paola   Dinero  amor  sexo  venganza  O tal vez     Lectura ,1
3,AMZN, NoLeechOptions How is amzn looking  It looks very weak  Wondering whether it is a setup, NoLeechOptions How is amzn looking  It looks very weak  Wondering whether it is a setup,1
4,AMZN,RT  tammy      Save     on the COSORI Air Fryer Max XL     Recipes      QT Electric Hot Oven Oilless Cooker LED Touch Digital Screen with   ,RT  tammy      Save     on the COSORI Air Fryer Max XL     Recipes      QT Electric Hot Oven Oilless Cooker LED Touch Digital Screen with   ,1
5,AMZN,RT  HarryOxford    BookRecommendation  BookReview Many thanks to this Amazon reviewer for leaving such a lovely           review for my nov ,RT  HarryOxford    BookRecommendation  BookReview Many thanks to this Amazon reviewer for leaving such a lovely           review for my nov ,1
6,AMZN,RT  smDeWittHall   Touch is not empty  it contains all the elements of the universe  and the full force of both yourself and the Spirit whi ,RT  smDeWittHall   Touch is not empty  it contains all the elements of the universe  and the full force of both yourself and the Spirit whi ,1
7,AMZN,RT  samaypatrika                                                                                                                            ,RT  samaypatrika                                                                                                                            ,1
8,AMZN,RT  AmazonFashionIn  Look stylish without burning a hole in your pocket with this guide to affordable style on  AmazonFashion  Stock your w ,RT  AmazonFashionIn  Look stylish without burning a hole in your pocket with this guide to affordable style on  AmazonFashion  Stock your w ,1
9,AMZN,RT  KurokonekoKamen    Thanksgiving      Thanksgiving  HappyThanksgiving   sale    cents   When Snow s evil stepfather King Reginald hires ,RT  KurokonekoKamen    Thanksgiving      Thanksgiving  HappyThanksgiving   sale    cents   When Snow s evil stepfather King Reginald hires ,1
10,AMZN,RT  Bethenny  A supplement a day  makes skin plumpness stay  in the bedroom you play  de stress a crazy day  amp  sleep when you lay  Give the ,RT  Bethenny  A supplement a day  makes skin plumpness stay  in the bedroom you play  de stress a crazy day  amp  sleep when you lay  Give the ,1
11,AMZN,RT  SoVeryBritish  These books make fine Christmas presents  One is a gentle joke book  the other is a book of  adventures for the anxious  ,RT  SoVeryBritish  These books make fine Christmas presents  One is a gentle joke book  the other is a book of  adventures for the anxious  ,1
12,AMZN,RT  priceinaction  Why trade breakouts  when re test of a resistance turned into support is a much more effective  Instead of anticipating ,RT  priceinaction  Why trade breakouts  when re test of a resistance turned into support is a much more effective  Instead of anticipating ,1
13,AMZN,RT  mrsaddisonbleu  Emily Richards  an aspiring writer gets the hardest task   writing a love story  Max Griffith has met and bedded every ,RT  mrsaddisonbleu  Emily Richards  an aspiring writer gets the hardest task   writing a love story  Max Griffith has met and bedded every ,1
14,AMZN,RT  hellokitty  Supercute  Super sweet  Super stylish    Introducing the  Mattel x Hello Kitty and Friends line  featuring fashion dolls  c ,RT  hellokitty  Supercute  Super sweet  Super stylish    Introducing the  Mattel x Hello Kitty and Friends line  featuring fashion dolls  c ,1
15,AMZN,RT  kyoko st                                                                                         st                                     ,RT  kyoko st                                                                                         st                                     ,1
16,AMZN,RT  SusanneLeist  A dead game played in hell  Wait for the warning bell  Once the windows  amp  doors lock  no need to feign any shock  You are ,RT  SusanneLeist  A dead game played in hell  Wait for the warning bell  Once the windows  amp  doors lock  no need to feign any shock  You are ,1
17,TSLA,RT  vincent               will be an epic year for Tesla  amp   TSLA investors,RT  vincent               will be an epic year for Tesla  amp   TSLA investors,1
18,TSLA,Just saw Elon Musk in the camping outdoors section of LL Bean    I guess  TSLA is ramping up production ,Just saw Elon Musk in the camping outdoors section of LL Bean    I guess  TSLA is ramping up production ,1
19,TSLA,RT  heydave   Goldman Sachs has upgraded TSLA to Buy  from Neutral  with price target of       from         ,RT  heydave   Goldman Sachs has upgraded TSLA to Buy  from Neutral  with price target of       from         ,1
20,TSLA,RT  KartnerMilly  Are we ready for     Go  GWSO  TSLA  NIO We look strong today ,RT  KartnerMilly  Are we ready for     Go  GWSO  TSLA  NIO We look strong today ,1
21,TSLA, allinargy TSLA, allinargy TSLA,1
22,TSLA,I had bought  tsla at      like a year ago    its about to hit     again but my balance is significantly higher   stocksplit  invest,I had bought  tsla at      like a year ago    its about to hit     again but my balance is significantly higher   stocksplit  invest,1
23,TSLA,RT  DougKass  I shorted more  TSLA this morning in the premarket between            I have alot on my plate in the next two days so I will ,RT  DougKass  I shorted more  TSLA this morning in the premarket between            I have alot on my plate in the next two days so I will ,1
24,TSLA,Which person has the most power   potus  tsla  tlry  elonmusk  polls  realDonaldTrump,Which person has the most power   potus  tsla  tlry  elonmusk  polls  realDonaldTrump,1
25,TSLA,We are reiterating the MARKET will go up   spy  qqq  cmcsa  tjx  xlnx  jnj  tsla  amzn  qcom  nee,We are reiterating the MARKET will go up   spy  qqq  cmcsa  tjx  xlnx  jnj  tsla  amzn  qcom  nee,1
26,TSLA,RT  michaellebowitz  The S amp P     will see its P E rise by about   when  TSLA is added to it  That assumes Tesla s P E is      even though i ,RT  michaellebowitz  The S amp P     will see its P E rise by about   when  TSLA is added to it  That assumes Tesla s P E is      even though i ,1
27,TSLA,RT  teslashanghai  Tesla Model   sold about     k in  November in China  MoM       tsla,RT  teslashanghai  Tesla Model   sold about     k in  November in China  MoM       tsla,1
28,TSLA,Are we ready for     Go  GWSO  TSLA  NIO We look strong today ,Are we ready for     Go  GWSO  TSLA  NIO We look strong today ,1
29,TSLA,RT  ray tesla  Chanos argues that the firm usually makes about two thirds of its choices right  but only one third of its short positions c ,RT  ray tesla  Chanos argues that the firm usually makes about two thirds of its choices right  but only one third of its short positions c ,1
30,TSLA,RT  jakebrowatzke  If you think a                  TSLA price target sounds crazy remember  elonmusk is trying to control the whole ecosyst ,RT  jakebrowatzke  If you think a                  TSLA price target sounds crazy remember  elonmusk is trying to control the whole ecosyst ,1
31,TSLA,RT  TigerWolfCap  TIGER WOLF CAPITAL        GIVEAWAY    To enter     Follow  TigerWolfCap     Comment  investing  amp  Tag   Friends    Retweet ,RT  TigerWolfCap  TIGER WOLF CAPITAL        GIVEAWAY    To enter     Follow  TigerWolfCap     Comment  investing  amp  Tag   Friends    Retweet ,1
32,TSLA, TSLA  TESLA INC COM   DEC            PUT, TSLA  TESLA INC COM   DEC            PUT,1
33,TSLA, austinbarnard   Buy  tsla  Get rich too , austinbarnard   Buy  tsla  Get rich too ,1
34,TSLA, Belleoftheball Bears still crying about  TSLA, Belleoftheball Bears still crying about  TSLA,1
35,TSLA, BrianGriffo    mobius   We need  tsla bull shirts , BrianGriffo    mobius   We need  tsla bull shirts ,1
36,TSLA, Yu  Nik         , Yu  Nik         ,1
37,TSLA,RT  garyblack       I saw this same cast of characters give up on  AMZN once profitability started to soar in          Same mistakes as  TS ,RT  garyblack       I saw this same cast of characters give up on  AMZN once profitability started to soar in          Same mistakes as  TS ,1
38,TSLA,RT  garyblack    Bloomberg shows   M  TSLA shares short       of float   but most are hedges against TSLA converts   I expect many to follo ,RT  garyblack    Bloomberg shows   M  TSLA shares short       of float   but most are hedges against TSLA converts   I expect many to follo ,1
39,TSLA,RT  saxena puru   AMZN  NFLX  TSLA  NOW  ISRG  ILMN   What did all these stocks have in common  All of them were always  overvalued   Yet  ,RT  saxena puru   AMZN  NFLX  TSLA  NOW  ISRG  ILMN   What did all these stocks have in common  All of them were always  overvalued   Yet  ,1
40,TSLA,no one looks lit this got everyone needs no joke but can t respond to move an enemy on TSLA to now  ,no one looks lit this got everyone needs no joke but can t respond to move an enemy on TSLA to now  ,1
41,TSLA, TSLA is heading for a record closing high after Goldman Sachs gives it an upgrade, TSLA is heading for a record closing high after Goldman Sachs gives it an upgrade,1
42,TSLA,               ,               ,1
43,TSLA,RT  garyblack       I saw this same cast of characters give up on  AMZN once profitability started to soar in          Same mistakes as  TS ,RT  garyblack       I saw this same cast of characters give up on  AMZN once profitability started to soar in          Same mistakes as  TS ,1
44,TSLA, FTI is a likely Spx deletion candidate to make room for  TSLA add in Dec, FTI is a likely Spx deletion candidate to make room for  TSLA add in Dec,1
45,TSLA, Score Lando Lol  it s just cuz i m new to options and there are much more experienced people to ask in the  TSLA twitter community , Score Lando Lol  it s just cuz i m new to options and there are much more experienced people to ask in the  TSLA twitter community ,1
46,TSLA,RT  ICannot Enough  Morgan Stanley names  TSLA a  Secular Growth Stock  For       Tesl is expected to generate a  higher percentage of reve ,RT  ICannot Enough  Morgan Stanley names  TSLA a  Secular Growth Stock  For       Tesl is expected to generate a  higher percentage of reve ,1
47,TSLA,RT  RadioSilentplay   GSM       EV stock and now look at that    target   Lithium Silica Mining play ties to  TSLA   Comment Like Share if ,RT  RadioSilentplay   GSM       EV stock and now look at that    target   Lithium Silica Mining play ties to  TSLA   Comment Like Share if ,1
48,TSLA, realJosephRich  mcm ct If you think that s bad  wait til you see where  TSLA is trading, realJosephRich  mcm ct If you think that s bad  wait til you see where  TSLA is trading,1
49,TSLA,Goldman raised  TSLA s price target to                I mean  I m along for the ride but wow   ,Goldman raised  TSLA s price target to                I mean  I m along for the ride but wow   ,1
50,TSLA, TicTocTick Will this take  Appl and  TSLA down with it , TicTocTick Will this take  Appl and  TSLA down with it ,1
51,TSLA, garyblack   once s amp p inclusion happens  i forsee big sell off in  TSLA, garyblack   once s amp p inclusion happens  i forsee big sell off in  TSLA,1
52,TSLA,RT  ICannot Enough  Morgan Stanley names  TSLA a  Secular Growth Stock  For       Tesl is expected to generate a  higher percentage of reve ,RT  ICannot Enough  Morgan Stanley names  TSLA a  Secular Growth Stock  For       Tesl is expected to generate a  higher percentage of reve ,1
53,TSLA,RT  BradMunchen      GS   the great vampire squid wrapped around the face of humanity   now says  TSLA is worth     BN  or    x the value o ,RT  BradMunchen      GS   the great vampire squid wrapped around the face of humanity   now says  TSLA is worth     BN  or    x the value o ,1
54,TSLA,RT  teslashanghai  Tesla Model   sold about     k in  November in China  MoM       tsla,RT  teslashanghai  Tesla Model   sold about     k in  November in China  MoM       tsla,1
55,TSLA,RT  garyblack    Bloomberg shows   M  TSLA shares short       of float   but most are hedges against TSLA converts   I expect many to follo ,RT  garyblack    Bloomberg shows   M  TSLA shares short       of float   but most are hedges against TSLA converts   I expect many to follo ,1
56,TSLA,RT  ParikPatelCFA  Good morning everyone  I did some technical analysis on  TSLA last night and I am happy to say I reiterate my bullish po ,RT  ParikPatelCFA  Good morning everyone  I did some technical analysis on  TSLA last night and I am happy to say I reiterate my bullish po ,1
57,TSLA,Which put fucking price will  TSLA open at tomorrow   Flat or more magic pump ,Which put fucking price will  TSLA open at tomorrow   Flat or more magic pump ,1
58,TSLA,RT  BrianGriffo  Good morning to everyone except the people shorting  TSLA ,RT  BrianGriffo  Good morning to everyone except the people shorting  TSLA ,1
59,TSLA,RT  TigerWolfCap  TIGER WOLF CAPITAL        GIVEAWAY    To enter     Follow  TigerWolfCap     Comment  investing  amp  Tag   Friends    Retweet ,RT  TigerWolfCap  TIGER WOLF CAPITAL        GIVEAWAY    To enter     Follow  TigerWolfCap     Comment  investing  amp  Tag   Friends    Retweet ,1
60,TSLA, TSLA upgraded to a buy today lmfao, TSLA upgraded to a buy today lmfao,1
61,TSLA,RT  jakebrowatzke  If you think a                  TSLA price target sounds crazy remember  elonmusk is trying to control the whole ecosyst ,RT  jakebrowatzke  If you think a                  TSLA price target sounds crazy remember  elonmusk is trying to control the whole ecosyst ,1
62,GOOG, aywach Our deal was all stock  So  GOOG  , aywach Our deal was all stock  So  GOOG  ,1
63,GOOG, saxena puru Is there a reason i rarely hear mention of GOOG on these lists compared to the other names , saxena puru Is there a reason i rarely hear mention of GOOG on these lists compared to the other names ,1
64,GOOG,FAANMG   solo  GOOG        y todo el resto en Rojo   Es la rotacion a las  WCLD    ,FAANMG   solo  GOOG        y todo el resto en Rojo   Es la rotacion a las  WCLD    ,1
65,GOOG,RT  seonho         RT                                                                                                       RT              ,RT  seonho         RT                                                                                                       RT              ,1
66,GOOG,goog nightyyyy again ,goog nightyyyy again ,1
67,GOOG, sssloomee  FCB  Lionel  altheban  mansooraljaedi                  , sssloomee  FCB  Lionel  altheban  mansooraljaedi                  ,1
68,GOOG,RT  IamMaya     Long term investments since          GOOG         AAPL         AMZN         FB         MSFT         TSLA         Bitcoin    ,RT  IamMaya     Long term investments since          GOOG         AAPL         AMZN         FB         MSFT         TSLA         Bitcoin    ,1
69,GOOG,For someone with    k to invest  if you could only choose one  what should they buy   GOOG or  AMZN    Please comment why ,For someone with    k to invest  if you could only choose one  what should they buy   GOOG or  AMZN    Please comment why ,1
70,GOOG, bruhbartholome goog   , bruhbartholome goog   ,1
71,GOOG,RT  jicchamatome                    ZM  OKTA  CRWD  U  GDRX  PLTR  BLK  JPM  C  GS  MS  PM  PG  UBS  LMT  TXN  SNAP  TSLA  FVRR  PINS  FB   ,RT  jicchamatome                    ZM  OKTA  CRWD  U  GDRX  PLTR  BLK  JPM  C  GS  MS  PM  PG  UBS  LMT  TXN  SNAP  TSLA  FVRR  PINS  FB   ,1
72,GOOG, Brokeboysaint Goog job, Brokeboysaint Goog job,1
73,GOOG,RT  TMFStoffel  Little late  but an update on where I have Skin In The Game for my  themotleyfool writing       SHOP       of portfolio    ,RT  TMFStoffel  Little late  but an update on where I have Skin In The Game for my  themotleyfool writing       SHOP       of portfolio    ,1
74,GOOG, restii  Goog luck, restii  Goog luck,1
75,GOOG,RT  PsychoTrader     SNOW looking to break out more       SPY  QQQ  TSLA  ZM  BABA  GOOG  NVDA  NIO  FB  FSR  PTON  TDOC  SQ  PENN  DKNG  T ,RT  PsychoTrader     SNOW looking to break out more       SPY  QQQ  TSLA  ZM  BABA  GOOG  NVDA  NIO  FB  FSR  PTON  TDOC  SQ  PENN  DKNG  T ,1
76,GOOG,RT  StockMKTNewz  Here s how the largest stocks have performed so far today  Apple  AAPL       Microsoft  MSFT        Amazon  AMZN        A ,RT  StockMKTNewz  Here s how the largest stocks have performed so far today  Apple  AAPL       Microsoft  MSFT        Amazon  AMZN        A ,1
77,GOOG, KamVTV You need wake up   get out main midia  find  goog news  , KamVTV You need wake up   get out main midia  find  goog news  ,1
78,GOOG,RT  IamMaya     Long term investments since          GOOG         AAPL         AMZN         FB         MSFT         TSLA         Bitcoin    ,RT  IamMaya     Long term investments since          GOOG         AAPL         AMZN         FB         MSFT         TSLA         Bitcoin    ,1
79,GOOG,RT  jicchamatome                    ZM  OKTA  CRWD  U  GDRX  PLTR  BLK  JPM  C  GS  MS  PM  PG  UBS  LMT  TXN  SNAP  TSLA  FVRR  PINS  FB   ,RT  jicchamatome                    ZM  OKTA  CRWD  U  GDRX  PLTR  BLK  JPM  C  GS  MS  PM  PG  UBS  LMT  TXN  SNAP  TSLA  FVRR  PINS  FB   ,1
80,GOOG,RT  TMFStoffel  Little late  but an update on where I have Skin In The Game for my  themotleyfool writing       SHOP       of portfolio    ,RT  TMFStoffel  Little late  but an update on where I have Skin In The Game for my  themotleyfool writing       SHOP       of portfolio    ,1
81,GOOG,RT  septmiracles  it s just baffling to me the way there r writers who choose to write him being a complete fucking knobhead and all i uplo ,RT  septmiracles  it s just baffling to me the way there r writers who choose to write him being a complete fucking knobhead and all i uplo ,1
82,GOOG,RT  nicole        Stocks to watch Dec    thru Dec     aapl  brk a  brk b  nvr  seb  bkng  cabo  goog  meli  cmg  azo  mtd  sam  wmt  bac  c ,RT  nicole        Stocks to watch Dec    thru Dec     aapl  brk a  brk b  nvr  seb  bkng  cabo  goog  meli  cmg  azo  mtd  sam  wmt  bac  c ,1
83,GOOG, happyKANAWUTday  Happy Birthday Gulfie   May this year filled with goog health  happiness and success for you  , happyKANAWUTday  Happy Birthday Gulfie   May this year filled with goog health  happiness and success for you  ,1
84,GOOG,RT  TMFStoffel  Little late  but an update on where I have Skin In The Game for my  themotleyfool writing       SHOP       of portfolio    ,RT  TMFStoffel  Little late  but an update on where I have Skin In The Game for my  themotleyfool writing       SHOP       of portfolio    ,1
85,GOOG,RT  TMFStoffel  Little late  but an update on where I have Skin In The Game for my  themotleyfool writing       SHOP       of portfolio    ,RT  TMFStoffel  Little late  but an update on where I have Skin In The Game for my  themotleyfool writing       SHOP       of portfolio    ,1
86,GOOG,RT  jicchamatome                    ZM  OKTA  CRWD  U  GDRX  PLTR  BLK  JPM  C  GS  MS  PM  PG  UBS  LMT  TXN  SNAP  TSLA  FVRR  PINS  FB   ,RT  jicchamatome                    ZM  OKTA  CRWD  U  GDRX  PLTR  BLK  JPM  C  GS  MS  PM  PG  UBS  LMT  TXN  SNAP  TSLA  FVRR  PINS  FB   ,1
87,GOOG, stoolpresidente PAGAT is the new FAANG    PENN  AAPL  GOOG  AMZN  TSLA  stoolpresidente, stoolpresidente PAGAT is the new FAANG    PENN  AAPL  GOOG  AMZN  TSLA  stoolpresidente,1
88,GOOG,RT  PsychoTrader     EVK looks like itrs reversing here intraday  watch it for a possible retest of today s high         SPY  QQQ  TSLA  ZM ,RT  PsychoTrader     EVK looks like itrs reversing here intraday  watch it for a possible retest of today s high         SPY  QQQ  TSLA  ZM ,1
89,AAPL, AMD  AAPL not cooperating with me today    red day for me   no worries  tomorrow will be better   HAGD everyone   , AMD  AAPL not cooperating with me today    red day for me   no worries  tomorrow will be better   HAGD everyone   ,1
90,AAPL,hehe  gt     AAPL Mar       Calls        FT Theo        ASK   ,hehe  gt     AAPL Mar       Calls        FT Theo        ASK   ,1
91,AAPL,me dice una fuente que  AAPL est  servida en bandeja  que plato ,me dice una fuente que  AAPL est  servida en bandeja  que plato ,1
92,AAPL,AAPL  gt     RSI      d                             ,AAPL  gt     RSI      d                             ,1
93,AAPL,RT  cedarsecurities  Fact   AAPL Airpods generated more revenue in      than  TWTR   SPOT   SHOP and  SNAP combined  via  Wedbush,RT  cedarsecurities  Fact   AAPL Airpods generated more revenue in      than  TWTR   SPOT   SHOP and  SNAP combined  via  Wedbush,1
94,AAPL,You really aren t supposed to get these wicks in  ES F   AAPL   AMZN and  MSFT  This is after hours liquidity type stuff,You really aren t supposed to get these wicks in  ES F   AAPL   AMZN and  MSFT  This is after hours liquidity type stuff,1
95,AAPL,RT  DankanGina   AAPL  KochmasDay   Daytrading Astonish by how bulls appears to alter the course today  Seems like bulls are on the move ju ,RT  DankanGina   AAPL  KochmasDay   Daytrading Astonish by how bulls appears to alter the course today  Seems like bulls are on the move ju ,1
96,AAPL, d h k   Apple  ethereum Wrapped Mirror AAPL Tokens , d h k   Apple  ethereum Wrapped Mirror AAPL Tokens ,1
97,AAPL, seyedoption  AAPL lagging and still looks good  Letting  ema catch up, seyedoption  AAPL lagging and still looks good  Letting  ema catch up,1
98,AAPL,RT  cedarsecurities  Fact   AAPL Airpods generated more revenue in      than  TWTR   SPOT   SHOP and  SNAP combined  via  Wedbush,RT  cedarsecurities  Fact   AAPL Airpods generated more revenue in      than  TWTR   SPOT   SHOP and  SNAP combined  via  Wedbush,1
99,AAPL,RT  DankanGina   AAPL  KochmasDay   Daytrading Astonish by how bulls appears to alter the course today  Seems like bulls are on the move ju ,RT  DankanGina   AAPL  KochmasDay   Daytrading Astonish by how bulls appears to alter the course today  Seems like bulls are on the move ju ,1
100,AAPL,AAPL  gt     RSI      d                             ,AAPL  gt     RSI      d                             ,1
101,AAPL,I m starting to think that  AAPL is in a bull trap mode     ,I m starting to think that  AAPL is in a bull trap mode     ,1
102,AAPL,RT  Tickeron   AAPL s    day Moving Average broke above its    day Moving Average on November           View odds for this and other indica ,RT  Tickeron   AAPL s    day Moving Average broke above its    day Moving Average on November           View odds for this and other indica ,1
103,AAPL, alert OT  LOTTO   Buy  NKLA   c               SPY  SPX  MSFT  AAPL  AMZN  BA  FB  GOOGL  JNJ  BRK B  V  JPM  TSLA  CMG, alert OT  LOTTO   Buy  NKLA   c               SPY  SPX  MSFT  AAPL  AMZN  BA  FB  GOOGL  JNJ  BRK B  V  JPM  TSLA  CMG,1
104,AAPL,RT  IamMaya     Long term investments since          GOOG         AAPL         AMZN         FB         MSFT         TSLA         Bitcoin    ,RT  IamMaya     Long term investments since          GOOG         AAPL         AMZN         FB         MSFT         TSLA         Bitcoin    ,1
105,AAPL,RT  cedarsecurities  Fact   AAPL Airpods generated more revenue in      than  TWTR   SPOT   SHOP and  SNAP combined  via  Wedbush,RT  cedarsecurities  Fact   AAPL Airpods generated more revenue in      than  TWTR   SPOT   SHOP and  SNAP combined  via  Wedbush,1
106,AAPL,RT  Stock Pop   SEGI Black owned streaming service now live on Roku   Apple TV  Samsung Smart TV  Amazon Fire TV  And others otw   SEGI wil ,RT  Stock Pop   SEGI Black owned streaming service now live on Roku   Apple TV  Samsung Smart TV  Amazon Fire TV  And others otw   SEGI wil ,1
107,AAPL,Enjoying the ride since election  AAPL  PFE  APHA  CGC  CMPS  Took first foray into shrooms stocks ,Enjoying the ride since election  AAPL  PFE  APHA  CGC  CMPS  Took first foray into shrooms stocks ,1
108,AAPL,AAPL  gt     RSI      d                             ,AAPL  gt     RSI      d                             ,1
109,AAPL, AAPL no volume no conviction   Just not ready   Plenty of true leaders ripping  no need to waste time on it , AAPL no volume no conviction   Just not ready   Plenty of true leaders ripping  no need to waste time on it ,1
110,AAPL, FSTrades You still holding your  AAPL calls  did you ever sell them haha, FSTrades You still holding your  AAPL calls  did you ever sell them haha,1
111,AAPL, SPWH can also add stock here    for target of       AMZN  AAPL, SPWH can also add stock here    for target of       AMZN  AAPL,1
112,MSFT,RT  cailen  I spoke with the early Slack sales team back in       long before MSFT had entered the space  I urged them to invest in their e ,RT  cailen  I spoke with the early Slack sales team back in       long before MSFT had entered the space  I urged them to invest in their e ,1
113,MSFT,RT  AzureSupport  Take advantage of  Azure disk storage reservations to save on storage costs  Once disk capacity is reserved  the reservat ,RT  AzureSupport  Take advantage of  Azure disk storage reservations to save on storage costs  Once disk capacity is reserved  the reservat ,1
114,MSFT, AndresConstabel No esta mejor MSFT    la veo mas atrasada   , AndresConstabel No esta mejor MSFT    la veo mas atrasada   ,1
115,MSFT, DataMozart  JohannesVink  mim djo There is no cache in serverless sql  This is very strange , DataMozart  JohannesVink  mim djo There is no cache in serverless sql  This is very strange ,1
116,MSFT,RT  cailen  I spoke with the early Slack sales team back in       long before MSFT had entered the space  I urged them to invest in their e ,RT  cailen  I spoke with the early Slack sales team back in       long before MSFT had entered the space  I urged them to invest in their e ,1
117,MSFT,RT  cailen  I spoke with the early Slack sales team back in       long before MSFT had entered the space  I urged them to invest in their e ,RT  cailen  I spoke with the early Slack sales team back in       long before MSFT had entered the space  I urged them to invest in their e ,1
118,MSFT, FinanceMaverik   MSFT and  CARR, FinanceMaverik   MSFT and  CARR,1
119,MSFT,RT  MSFTEnable  Together we have the collective power to create a path toward an inclusive recovery    In honor of  IDPD  learn about stori ,RT  MSFTEnable  Together we have the collective power to create a path toward an inclusive recovery    In honor of  IDPD  learn about stori ,1
120,MSFT,RT  MicrosoftIndia  Over     of disabilities are invisible  There s a lot we can do to help  Follow the series of tweets to come for simple ,RT  MicrosoftIndia  Over     of disabilities are invisible  There s a lot we can do to help  Follow the series of tweets to come for simple ,1
121,MSFT, amzn double inside day I guess   amgn inside day building   msft woulda been inside day if they didn t run it for    minutes lol, amzn double inside day I guess   amgn inside day building   msft woulda been inside day if they didn t run it for    minutes lol,1
122,MSFT,RT  mskkpr                                                              Power Apps                  Power Apps                              ,RT  mskkpr                                                              Power Apps                  Power Apps                              ,1
123,MSFT,RT  SkypeClassroom  Exposing students to cultural diversity can help encourage new voices  amp  perspectives in your classroom   Get started wi ,RT  SkypeClassroom  Exposing students to cultural diversity can help encourage new voices  amp  perspectives in your classroom   Get started wi ,1
124,MSFT,RT  windowsdev  We know that many of you love Python  or want to learn more about it    So we thought we d share this helpful podcast episo ,RT  windowsdev  We know that many of you love Python  or want to learn more about it    So we thought we d share this helpful podcast episo ,1
125,MSFT,RT  MSFTGroyper   zerohedge Besides  MSFT of course ,RT  MSFTGroyper   zerohedge Besides  MSFT of course ,1
126,MSFT,RT  msPartner  This International Day of Persons with Disabilities  we re thinking about  MSPartner organizations that create solutions to ,RT  msPartner  This International Day of Persons with Disabilities  we re thinking about  MSPartner organizations that create solutions to ,1
127,MSFT, zerohedge Besides  MSFT of course , zerohedge Besides  MSFT of course ,1
128,MSFT,RT  thekenose  Are you an undergrad student interested in learning Microsoft technologies  Join Microsoft Student Summit Africa for deep di ,RT  thekenose  Are you an undergrad student interested in learning Microsoft technologies  Join Microsoft Student Summit Africa for deep di ,1
129,MSFT, pacificblue   And MSFT as well , pacificblue   And MSFT as well ,1
130,MSFT,RT  windowsdev  We know that many of you love Python  or want to learn more about it    So we thought we d share this helpful podcast episo ,RT  windowsdev  We know that many of you love Python  or want to learn more about it    So we thought we d share this helpful podcast episo ,1
131,MSFT,RT  windowsdev  We know that many of you love Python  or want to learn more about it    So we thought we d share this helpful podcast episo ,RT  windowsdev  We know that many of you love Python  or want to learn more about it    So we thought we d share this helpful podcast episo ,1
132,MSFT,You really aren t supposed to get these wicks in  ES F   AAPL   AMZN and  MSFT  This is after hours liquidity type stuff,You really aren t supposed to get these wicks in  ES F   AAPL   AMZN and  MSFT  This is after hours liquidity type stuff,1
133,MSFT,RT  MSFTEnable  Rachel Bondi  Chief Partner Officer at  MicrosoftAU  manages relationships with over        partners  leading a team of mor ,RT  MSFTEnable  Rachel Bondi  Chief Partner Officer at  MicrosoftAU  manages relationships with over        partners  leading a team of mor ,1
134,MSFT,RT  Mm        I    that the  PowerPlatform is growing even beyond traditional  MSFT UG s    Check out this Data  amp  Business Technology UG I  ,RT  Mm        I    that the  PowerPlatform is growing even beyond traditional  MSFT UG s    Check out this Data  amp  Business Technology UG I  ,1
135,MSFT,RT  MSFTnews  Through collaboration  Microsoft and its partners aim to transform industries  Read how Siemens developed MindSphere City Gra ,RT  MSFTnews  Through collaboration  Microsoft and its partners aim to transform industries  Read how Siemens developed MindSphere City Gra ,1
136,MSFT,RT  Microsoft   Dev  We are excited to welcome  LuiseFreese and  sebastienlevert as the new members to our Microsoft     Pattern and Practi ,RT  Microsoft   Dev  We are excited to welcome  LuiseFreese and  sebastienlevert as the new members to our Microsoft     Pattern and Practi ,1
137,MSFT,RT  MicrosoftStream  Learn about live events in  MicrosoftStream and  MicrosoftTeams  This webinar recording includes answering customer qu ,RT  MicrosoftStream  Learn about live events in  MicrosoftStream and  MicrosoftTeams  This webinar recording includes answering customer qu ,1
138,MSFT,RT  Microsoft   Dev  We are excited to welcome  LuiseFreese and  sebastienlevert as the new members to our Microsoft     Pattern and Practi ,RT  Microsoft   Dev  We are excited to welcome  LuiseFreese and  sebastienlevert as the new members to our Microsoft     Pattern and Practi ,1
139,MSFT,RT  Microsoft   Dev  Did you know there are      million daily active users on  MicrosoftTeams   That s millions of users who might use you ,RT  Microsoft   Dev  Did you know there are      million daily active users on  MicrosoftTeams   That s millions of users who might use you ,1
140,MSFT,RT  MSFTnews  Through collaboration  Microsoft and its partners aim to transform industries  Read how Siemens developed MindSphere City Gra ,RT  MSFTnews  Through collaboration  Microsoft and its partners aim to transform industries  Read how Siemens developed MindSphere City Gra ,1
141,MSFT,RT  MSFTEnable  Together we have the collective power to create a path toward an inclusive recovery    In honor of  IDPD  learn about stori ,RT  MSFTEnable  Together we have the collective power to create a path toward an inclusive recovery    In honor of  IDPD  learn about stori ,1
142,MSFT,  msft xx     I wish I could ,  msft xx     I wish I could ,1
143,MSFT,RT  MSFTGameStack  It wasn t just the technology Azure has to offer that made  HiRezStudios choose it as a platform   It was the responsive ,RT  MSFTGameStack  It wasn t just the technology Azure has to offer that made  HiRezStudios choose it as a platform   It was the responsive ,1
144,MSFT,RT  onedrive  Declutter your desk  With the  OneDrive mobile app  you can scan printed documents  business cards  and receipts    Read more ,RT  onedrive  Declutter your desk  With the  OneDrive mobile app  you can scan printed documents  business cards  and receipts    Read more ,1
145,MSFT, GeorgeASharp Adjust your Adderall Skippy  you re not Bill Gates and TSNP isn t MSFT , GeorgeASharp Adjust your Adderall Skippy  you re not Bill Gates and TSNP isn t MSFT ,1
146,MSFT,RT  Azure France    Lumi re sur les identit s num riques   Quel r le peuvent elles jouer dans votre strat gie de  transfonum   On vous en p ,RT  Azure France    Lumi re sur les identit s num riques   Quel r le peuvent elles jouer dans votre strat gie de  transfonum   On vous en p ,1
147,MSFT,RT  msexcel  We re handing the keyboard over to Charles Simonyi  former lead developer of Excel  and frequent space tourist   to answer you ,RT  msexcel  We re handing the keyboard over to Charles Simonyi  former lead developer of Excel  and frequent space tourist   to answer you ,1
148,MSFT,RT  PlayCraftLearn  Help students begin their journey into the world of coding and  ComputerScience  Explore more than     hours of learnin ,RT  PlayCraftLearn  Help students begin their journey into the world of coding and  ComputerScience  Explore more than     hours of learnin ,1
149,MSFT,RT  SquawkAlley  Microsoft s Cloud Chief  jlzander joined us for another  CNBC exclusive as the company announced two new products for Azur ,RT  SquawkAlley  Microsoft s Cloud Chief  jlzander joined us for another  CNBC exclusive as the company announced two new products for Azur ,1
150,MSFT,RT  TechNetUK  Build business applications   Build apps with low code techniques to simplify  automate  and transform tasks and processes  ,RT  TechNetUK  Build business applications   Build apps with low code techniques to simplify  automate  and transform tasks and processes  ,1
151,MSFT,RT  msexcel  We re handing the keyboard over to Charles Simonyi  former lead developer of Excel  and frequent space tourist   to answer you ,RT  msexcel  We re handing the keyboard over to Charles Simonyi  former lead developer of Excel  and frequent space tourist   to answer you ,1
152,MSFT, AMZN  GOOGL  ORCL  MSFT all will be eying  SPLK with haircut, AMZN  GOOGL  ORCL  MSFT all will be eying  SPLK with haircut,1
153,MSFT,RT  Azure  Learn how to build highly scalable applications using containers and how to deploy and manage them at scale with  Kubernetes on ,RT  Azure  Learn how to build highly scalable applications using containers and how to deploy and manage them at scale with  Kubernetes on ,1
154,MSFT,RT  Microsoft   Dev  We are excited to welcome  LuiseFreese and  sebastienlevert as the new members to our Microsoft     Pattern and Practi ,RT  Microsoft   Dev  We are excited to welcome  LuiseFreese and  sebastienlevert as the new members to our Microsoft     Pattern and Practi ,1
155,MSFT,RT  Microsoft   Dev  Did you know there are      million daily active users on  MicrosoftTeams   That s millions of users who might use you ,RT  Microsoft   Dev  Did you know there are      million daily active users on  MicrosoftTeams   That s millions of users who might use you ,1
156,FB,RT  MaketheRoadNJ     Tis the season to pass a  Recovery All    Join immigrant families and workers as we spread some holiday cheer to urge ,RT  MaketheRoadNJ     Tis the season to pass a  Recovery All    Join immigrant families and workers as we spread some holiday cheer to urge ,1
157,FB, juudasmeii fb bestiana its me  , juudasmeii fb bestiana its me  ,1
158,FB,RT  Everything NE     NE  is often regarded as the most talented girl group in Korea      Remember when this was posted on  NE  s FB page  ,RT  Everything NE     NE  is often regarded as the most talented girl group in Korea      Remember when this was posted on  NE  s FB page  ,1
159,FB,RT  trvfishXX  Saw this on Fb and y all have to see it too   WOMEN        Duduzane    Themba    Dear South Africa  cyrilramaphosa  Presiden ,RT  trvfishXX  Saw this on Fb and y all have to see it too   WOMEN        Duduzane    Themba    Dear South Africa  cyrilramaphosa  Presiden ,1
160,FB,RT  ugames uk     Days of Christmas Giveaway   On the  rd Day of Christmas    we re giving away our Harry Potter Hogwarts Express  D Puzzle ,RT  ugames uk     Days of Christmas Giveaway   On the  rd Day of Christmas    we re giving away our Harry Potter Hogwarts Express  D Puzzle ,1
161,FB,RT  kzmi     PPG            AQSIfb  I M      S R         IfbIrf  Ch    A  DrIfb   DiaIfb  wasi fb  kzmi    K       SNK     BRae     zee o  ,RT  kzmi     PPG            AQSIfb  I M      S R         IfbIrf  Ch    A  DrIfb   DiaIfb  wasi fb  kzmi    K       SNK     BRae     zee o  ,1
162,FB,RT  Pk  k                    Cutekh    Pk  k    YSP    J pkv    txAni  T fb    Fsz     shz       Nra      sRizvi  A bih a  B nadir  Z Khha ,RT  Pk  k                    Cutekh    Pk  k    YSP    J pkv    txAni  T fb    Fsz     shz       Nra      sRizvi  A bih a  B nadir  Z Khha ,1
163,FB,RT  MediaCityUK  Looking for plans for tonight   MediaCityUK has got it covered       Watch  BluePeter on  cbbc LIVE from  dock         Joi ,RT  MediaCityUK  Looking for plans for tonight   MediaCityUK has got it covered       Watch  BluePeter on  cbbc LIVE from  dock         Joi ,1
164,FB,RT  Pk  k          soon abid    ds    Ghzal    Pk  k  Ruhi     BRE KHNA  Its Parkha  Ghzl    Nazia fb   a b i d  MaRjaN     JanAn     itx t ,RT  Pk  k          soon abid    ds    Ghzal    Pk  k  Ruhi     BRE KHNA  Its Parkha  Ghzl    Nazia fb   a b i d  MaRjaN     JanAn     itx t ,1
165,FB, Mimiakryy fb makasii, Mimiakryy fb makasii,1
166,FB,  tomellis   fb you ain t beyonce  ,  tomellis   fb you ain t beyonce  ,1
167,FB, nisakazandii  Pls fb me, nisakazandii  Pls fb me,1
168,FB, futbolarena Fb liler yenilgiyi hazmedemiyor ba kan m, futbolarena Fb liler yenilgiyi hazmedemiyor ba kan m,1
169,FB,RT  dniabdriya  hii   nak mintak tolong rt for my dad business    kesian tengok dia live facebook view berapa ja   tu pun takdak orang lock ,RT  dniabdriya  hii   nak mintak tolong rt for my dad business    kesian tengok dia live facebook view berapa ja   tu pun takdak orang lock ,1
170,FB,RT  prittytasker  Someone on fb said   Jesus said he d come like a thief  amp  the way ba Lusaka beat thieves kapena enze anabwela vinamupaya f ,RT  prittytasker  Someone on fb said   Jesus said he d come like a thief  amp  the way ba Lusaka beat thieves kapena enze anabwela vinamupaya f ,1
171,FB, fb dorsia Tes sources ont  t  d mont es m thodiquement  Je t ai envoy  les miennes tu as refus  de les lire  Tu n es qu un lache , fb dorsia Tes sources ont  t  d mont es m thodiquement  Je t ai envoy  les miennes tu as refus  de les lire  Tu n es qu un lache ,1
172,FB,RT  misabelish  Hoy iniciamos el  no de los    D as de Activismo a las   hrs con la participaci n de  LuRiojas  Diputada y Codirectora de   ,RT  misabelish  Hoy iniciamos el  no de los    D as de Activismo a las   hrs con la participaci n de  LuRiojas  Diputada y Codirectora de   ,1
173,FB,RT  sonucnc                                                              sonucnc  Manju      singhch    Nierbhaym  Ss Dimpal  maurya        ,RT  sonucnc                                                              sonucnc  Manju      singhch    Nierbhaym  Ss Dimpal  maurya        ,1
174,FB, RDiditagain  funder Her stepson came out on FB and said she is addicted to Oxy  You nailed it , RDiditagain  funder Her stepson came out on FB and said she is addicted to Oxy  You nailed it ,1
175,FB, nitwa mugisha Fb, nitwa mugisha Fb,1
176,FB, anitwt get me to     please i fb  , anitwt get me to     please i fb  ,1
177,FB,RT  Angelic twinkle   muskaan      SidShukla   But abhi sath mein krde toh achha hai  Fir baad mein ladka hath mein ni ayega   Rotte rhenge ,RT  Angelic twinkle   muskaan      SidShukla   But abhi sath mein krde toh achha hai  Fir baad mein ladka hath mein ni ayega   Rotte rhenge ,1
178,FB, yaw boosu  danielmaviiin Fb, yaw boosu  danielmaviiin Fb,1
179,FB,RT  simondolan   Facebook is planning a push to encourage users to take a vaccine  The move is part of a bid to win favour with Joe Bidens ,RT  simondolan   Facebook is planning a push to encourage users to take a vaccine  The move is part of a bid to win favour with Joe Bidens ,1
180,FB,RT  Zour       TTRPG            T sp    T fb     C  H  S       IAmArxi  affu    Ah sabr  Zarka    k a     glmsjd  Sd S      ubid  sh kh     ,RT  Zour       TTRPG            T sp    T fb     C  H  S       IAmArxi  affu    Ah sabr  Zarka    k a     glmsjd  Sd S      ubid  sh kh     ,1
181,FB, za      Za      beingrizwanAlii  FB , za      Za      beingrizwanAlii  FB ,1
182,FB,RT  RJtheOGalpaca  Love how Thai army didn t want to give money to their military government by buying billboards for Seokjin s birthday so ,RT  RJtheOGalpaca  Love how Thai army didn t want to give money to their military government by buying billboards for Seokjin s birthday so ,1
183,FB,RT  jordiPuignero    Dem   amb el president  KRLS  presentem  El    Poder  i  Mexplico al Punt de Trobada dels casals catalans de centre i ,RT  jordiPuignero    Dem   amb el president  KRLS  presentem  El    Poder  i  Mexplico al Punt de Trobada dels casals catalans de centre i ,1
184,FB,RT  OakGovEO  Visit our FB page today at      p m  to watch a live news conference with  OaklandCounty Executive David Coulter  BOC Chair D ,RT  OakGovEO  Visit our FB page today at      p m  to watch a live news conference with  OaklandCounty Executive David Coulter  BOC Chair D ,1
185,FB, miiddle child U av nt fb , miiddle child U av nt fb ,1
186,FB, Cellular ZA   , Cellular ZA   ,1
187,FB, BrunoUxd Fb , BrunoUxd Fb ,1
188,FB,RT  modest marisa  Hi everyone  I make cocoa bombs  cakes   amp  more  Would appreciate if you could retweet this  amp  support me    Please go and ,RT  modest marisa  Hi everyone  I make cocoa bombs  cakes   amp  more  Would appreciate if you could retweet this  amp  support me    Please go and ,1
189,FB,RT  DMurph BrownsPR  Three  Browns are currently leading their position in the AFC  ProBowlVote   FB  AndyJanovich  G  JoelBitonio  DE  Myl ,RT  DMurph BrownsPR  Three  Browns are currently leading their position in the AFC  ProBowlVote   FB  AndyJanovich  G  JoelBitonio  DE  Myl ,1
190,FB,RT  DiaIfb   PPG            AQSIfb  I M      S R         IfbIrf  Ch    A  DrIfb   DiaIfb  wasi fb  kzmi    K       SNK     BRae     zee o  ,RT  DiaIfb   PPG            AQSIfb  I M      S R         IfbIrf  Ch    A  DrIfb   DiaIfb  wasi fb  kzmi    K       SNK     BRae     zee o  ,1
191,FB, Eiggam     Follow for a fb  , Eiggam     Follow for a fb  ,1
192,FB,RT  ODipaksingh                                                                                                   ODipaksingh               ,RT  ODipaksingh                                                                                                   ODipaksingh               ,1
193,FB,RT  trvfishXX  Saw this on Fb and y all have to see it too   WOMEN        Duduzane    Themba    Dear South Africa  cyrilramaphosa  Presiden ,RT  trvfishXX  Saw this on Fb and y all have to see it too   WOMEN        Duduzane    Themba    Dear South Africa  cyrilramaphosa  Presiden ,1
194,FB, ohmnonsky Icha disini  Fb btw hyunk   , ohmnonsky Icha disini  Fb btw hyunk   ,1
195,FB, Itsyoaldrin friend ko yan both sa fb, Itsyoaldrin friend ko yan both sa fb,1
196,FB, THFC willo Fb bro, THFC willo Fb bro,1
197,FB,Pls fb stans  lumayo kayo sa tiktok  di kayo welcome don pls lang  ,Pls fb stans  lumayo kayo sa tiktok  di kayo welcome don pls lang  ,1
198,FB, Skybabedxb   danielmaviiin Fb, Skybabedxb   danielmaviiin Fb,1
199,FB,   MJannat  Baa lla  beingrizwanAlii fb ,   MJannat  Baa lla  beingrizwanAlii fb ,1
200,FB,RT  ugames uk  There s still time to enter    On the  rd Day of Christmas    we re giving away our Harry Potter Hogwarts Express  D Puzzle  ,RT  ugames uk  There s still time to enter    On the  rd Day of Christmas    we re giving away our Harry Potter Hogwarts Express  D Puzzle  ,1
201,FB,RT  simondolan   Facebook is planning a push to encourage users to take a vaccine  The move is part of a bid to win favour with Joe Bidens ,RT  simondolan   Facebook is planning a push to encourage users to take a vaccine  The move is part of a bid to win favour with Joe Bidens ,1
202,FB,RT  ddheruiz  List      Please VET FB RT  LowfDog   razimp   girl reason   pureblue       scolegit     BarbLettieri   conversewearing   top ,RT  ddheruiz  List      Please VET FB RT  LowfDog   razimp   girl reason   pureblue       scolegit     BarbLettieri   conversewearing   top ,1
203,FB,RT  twinklejeonghan    unflop me please   let s do a follow spree and let s interact more  carats                CARATS FOLLOW SPREE   CARA ,RT  twinklejeonghan    unflop me please   let s do a follow spree and let s interact more  carats                CARATS FOLLOW SPREE   CARA ,1
204,FB, FtblYJ Fb, FtblYJ Fb,1
205,FB,Wey que asco mis recuerdos de hace m s de   a os en fb JAJAJA,Wey que asco mis recuerdos de hace m s de   a os en fb JAJAJA,1
206,FB,RT  jutii    PPG            AQSIfb  I M      S R         IfbIrf  Ch    A  DrIfb   DiaIfb  wasi fb  kzmi    K       SNK     BRae     zee o  ,RT  jutii    PPG            AQSIfb  I M      S R         IfbIrf  Ch    A  DrIfb   DiaIfb  wasi fb  kzmi    K       SNK     BRae     zee o  ,1
207,FB, Prezzzy   burnaboy Are you sure  FB, Prezzzy   burnaboy Are you sure  FB,1
208,FB,RT  sb dubai   TTRPG  Super  T sp    T fb     C  H  S       IAmArxi  glmsjd  Zarka    sqb    affu    Ah sabr  k a     Sd S    sh kh      ub ,RT  sb dubai   TTRPG  Super  T sp    T fb     C  H  S       IAmArxi  glmsjd  Zarka    sqb    affu    Ah sabr  k a     Sd S    sh kh      ub ,1
209,FB, KatereggamM  base town  oddsrasheed  MichealAyebs  BradleyCarlvin   IamHaxx  TheodrineT  jackie keila Fb plz, KatereggamM  base town  oddsrasheed  MichealAyebs  BradleyCarlvin   IamHaxx  TheodrineT  jackie keila Fb plz,1
210,FB,RT  simondolan   Facebook is planning a push to encourage users to take a vaccine  The move is part of a bid to win favour with Joe Bidens ,RT  simondolan   Facebook is planning a push to encourage users to take a vaccine  The move is part of a bid to win favour with Joe Bidens ,1
211,FB,follow my backup acc  i ll fb  kidrhlbieberb,follow my backup acc  i ll fb  kidrhlbieberb,1
212,FB,RT  trvfishXX  Saw this on Fb and y all have to see it too   WOMEN        Duduzane    Themba    Dear South Africa  cyrilramaphosa  Presiden ,RT  trvfishXX  Saw this on Fb and y all have to see it too   WOMEN        Duduzane    Themba    Dear South Africa  cyrilramaphosa  Presiden ,1
213,FB,deactivating my fb acc hoping that I ll focus on my modules instead HAHAHAH ,deactivating my fb acc hoping that I ll focus on my modules instead HAHAHAH ,1
214,FB, kalema cathy  SmGeral  SamalieNamale I fb asap, kalema cathy  SmGeral  SamalieNamale I fb asap,1
215,FB,RT  H M      PPG   Good afternoon             AQSIfb   I M        fskhann      Gulwesh   DrIfb         ifb i   kii g    Usam      AR gj     ,RT  H M      PPG   Good afternoon             AQSIfb   I M        fskhann      Gulwesh   DrIfb         ifb i   kii g    Usam      AR gj     ,1
216,FB,RT  RigauxNature  Messages du jour sur FB   des  leveurs  chasseurs  amp  autres anti loup diffusent publiquement mon adresse  ce n est pas la ,RT  RigauxNature  Messages du jour sur FB   des  leveurs  chasseurs  amp  autres anti loup diffusent publiquement mon adresse  ce n est pas la ,1
217,FB,RT  lisakeb     Just seen an advert for blinged out masks on FB   there are       comments all saying  how pretty  or  I d love one     Wha ,RT  lisakeb     Just seen an advert for blinged out masks on FB   there are       comments all saying  how pretty  or  I d love one     Wha ,1
218,GOOGL,     AMZN    GOOGL                         V X                   ,     AMZN    GOOGL                         V X                   ,1
219,GOOGL, RToxiea googl it, RToxiea googl it,1
220,GOOGL,RT  JafarUniversity                                                                                                                         ,RT  JafarUniversity                                                                                                                         ,1
221,GOOGL,GOOGL candle   who are you faking on low volume ,GOOGL candle   who are you faking on low volume ,1
222,GOOGL,RT  carlquintanilla   TWTR  FB  GOOGL,RT  carlquintanilla   TWTR  FB  GOOGL,1
223,GOOGL,En el      terminaran de hacer una r plica del Titanic  si no me cre is buscar en Googl   Titanic ,En el      terminaran de hacer una r plica del Titanic  si no me cre is buscar en Googl   Titanic ,1
224,GOOGL, AMZN  GOOGL  ORCL  MSFT all will be eying  SPLK with haircut, AMZN  GOOGL  ORCL  MSFT all will be eying  SPLK with haircut,1
225,GOOGL,GOOGL      added       stop lod allready in     s       protection in place,GOOGL      added       stop lod allready in     s       protection in place,1
226,GOOGL, alert OT  LOTTO   Buy  NKLA   c               SPY  SPX  MSFT  AAPL  AMZN  BA  FB  GOOGL  JNJ  BRK B  V  JPM  TSLA  CMG, alert OT  LOTTO   Buy  NKLA   c               SPY  SPX  MSFT  AAPL  AMZN  BA  FB  GOOGL  JNJ  BRK B  V  JPM  TSLA  CMG,1
227,GOOGL,RT  PandaOptions   GOOGL Nearly tagged the      level today  Very nice winner off the trigger over       Pulling back here  Needs to hold o ,RT  PandaOptions   GOOGL Nearly tagged the      level today  Very nice winner off the trigger over       Pulling back here  Needs to hold o ,1
228,GOOGL,RT  JafarUniversity                                                                                                                         ,RT  JafarUniversity                                                                                                                         ,1
229,GOOGL,add  GOOGL  travel  advertising back to  pre  Corona levels,add  GOOGL  travel  advertising back to  pre  Corona levels,1
230,GOOGL,RT  JafarUniversity                                                                                                                         ,RT  JafarUniversity                                                                                                                         ,1
231,GOOGL,RT  JafarUniversity                                                                                                                         ,RT  JafarUniversity                                                                                                                         ,1
232,GOOGL,RT  JafarUniversity                                                                                                                         ,RT  JafarUniversity                                                                                                                         ,1
233,GOOGL,RT  JafarUniversity                                                                                                                         ,RT  JafarUniversity                                                                                                                         ,1
234,GOOGL,RT  JafarUniversity                                                                                                                         ,RT  JafarUniversity                                                                                                                         ,1
235,GOOGL, HalftimeReport the recovery stocks have been driving the market this week but I m sticky with FAANG  Heavy weight  AAPL  GOOGL  FB , HalftimeReport the recovery stocks have been driving the market this week but I m sticky with FAANG  Heavy weight  AAPL  GOOGL  FB ,1
236,GOOGL,RT  JafarUniversity                                                                                                                         ,RT  JafarUniversity                                                                                                                         ,1
237,GOOGL, SPY  SPX  ES F  QQQ  NQ F  NDX  TSLA  NIO  AAPL  MSFT  AMZN  GOOGL  NFLX  ZM  BA  SNAP  AAL  PLTR  SPLK  ZS, SPY  SPX  ES F  QQQ  NQ F  NDX  TSLA  NIO  AAPL  MSFT  AMZN  GOOGL  NFLX  ZM  BA  SNAP  AAL  PLTR  SPLK  ZS,1
238,GOOGL,via carlquintanilla   TWTR  FB  GOOGL  fb,via carlquintanilla   TWTR  FB  GOOGL  fb,1
239,GOOGL,RT  cloneinvestor  Li Lu   Parents were sent to labor camps  Lost adopted family to earthquake  Became a student leader in Tiananmen Square ,RT  cloneinvestor  Li Lu   Parents were sent to labor camps  Lost adopted family to earthquake  Became a student leader in Tiananmen Square ,1
240,GOOGL, KeithMcCullough  GOOGL ticked       from top end of RR today  , KeithMcCullough  GOOGL ticked       from top end of RR today  ,1
241,GOOGL,RT  PandaOptions  Some of todays winners     GOOGL Swing from yesterday          c hit             to         BA Swing from yesterday      ,RT  PandaOptions  Some of todays winners     GOOGL Swing from yesterday          c hit             to         BA Swing from yesterday      ,1
242,GOOGL,RT  JafarUniversity                                                                                                                         ,RT  JafarUniversity                                                                                                                         ,1
243,GOOGL,rolled GOOGL to     s on this drop     avg down from     s   GOOGL  newalltimehighs                      ,rolled GOOGL to     s on this drop     avg down from     s   GOOGL  newalltimehighs                      ,1
244,GOOGL, Korebi  Googl amcaya bak n mavi ve turuncu kalbin anlam na ben bakt m manas  sevgili de il, Korebi  Googl amcaya bak n mavi ve turuncu kalbin anlam na ben bakt m manas  sevgili de il,1
245,GOOGL,RT  PandaOptions   GOOGL Nearly tagged the      level today  Very nice winner off the trigger over       Pulling back here  Needs to hold o ,RT  PandaOptions   GOOGL Nearly tagged the      level today  Very nice winner off the trigger over       Pulling back here  Needs to hold o ,1
246,GOOGL,ALL in Long  AMZN  AAPL  SHOP  MSFT  GOOGL,ALL in Long  AMZN  AAPL  SHOP  MSFT  GOOGL,1
247,GOOGL,stopped out NVDA and googl     s,stopped out NVDA and googl     s,1
248,GOOGL,RT  JafarUniversity                                                                                                                         ,RT  JafarUniversity                                                                                                                         ,1
249,GOOGL,RT  firezok                                                                                                                                 ,RT  firezok                                                                                                                                 ,1
250,GOOGL, TwinsightPro Thoughts on buying googl dec       c , TwinsightPro Thoughts on buying googl dec       c ,1
251,GOOGL,RT  financial kf  Everybody has a podcast  but who owns the platforms   Amazon  AMZN is trying to get in with talks to buy Wondery   But th ,RT  financial kf  Everybody has a podcast  but who owns the platforms   Amazon  AMZN is trying to get in with talks to buy Wondery   But th ,1
252,GOOGL,FANGMAN      AMZN GOOGL   ,FANGMAN      AMZN GOOGL   ,1
253,GOOGL, tradewolimits GOOGL looks like it s trying to turn around   , tradewolimits GOOGL looks like it s trying to turn around   ,1
254,GOOGL, GOOGL The leader is starting again, GOOGL The leader is starting again,1
255,GOOGL,RT  MinteractApp  Today Top Flow in  technology sector  Buy Flow  amp  Sell Flow  NVDA  MA  GOOG  ACN  QCOM  GLW  FIS  LRCX  FFIV  FISV  AAPL   ,RT  MinteractApp  Today Top Flow in  technology sector  Buy Flow  amp  Sell Flow  NVDA  MA  GOOG  ACN  QCOM  GLW  FIS  LRCX  FFIV  FISV  AAPL   ,1
256,GOOGL,RT  MinteractApp  Today Top Flow in  technology sector  Buy Flow  amp  Sell Flow  NVDA  MA  GOOG  ACN  QCOM  GLW  FIS  LRCX  FFIV  FISV  AAPL   ,RT  MinteractApp  Today Top Flow in  technology sector  Buy Flow  amp  Sell Flow  NVDA  MA  GOOG  ACN  QCOM  GLW  FIS  LRCX  FFIV  FISV  AAPL   ,1
257,JNJ,RT  REALITYofJNJ    GovWhitmer  GovernorVA  JohnCarneyDE  GovHerbert  GovMikeDeWine   I m thinking not many people would want to be injecte ,RT  REALITYofJNJ    GovWhitmer  GovernorVA  JohnCarneyDE  GovHerbert  GovMikeDeWine   I m thinking not many people would want to be injecte ,1
258,JNJ,I have this crazy ass headache   ,I have this crazy ass headache   ,1
259,JNJ,RT  REALITYofJNJ    GovWhitmer  GovernorVA  JohnCarneyDE  GovHerbert  GovMikeDeWine   I m thinking not many people would want to be injecte ,RT  REALITYofJNJ    GovWhitmer  GovernorVA  JohnCarneyDE  GovHerbert  GovMikeDeWine   I m thinking not many people would want to be injecte ,1
260,JNJ,We are reiterating the MARKET will go up   spy  qqq  cmcsa  tjx  xlnx  jnj  tsla  amzn  qcom  nee,We are reiterating the MARKET will go up   spy  qqq  cmcsa  tjx  xlnx  jnj  tsla  amzn  qcom  nee,1
261,JNJ,RT  REALITYofJNJ    GovWhitmer  GovernorVA  JohnCarneyDE  GovHerbert  GovMikeDeWine   Will YOU be getting injected with  COVID biologic sur ,RT  REALITYofJNJ    GovWhitmer  GovernorVA  JohnCarneyDE  GovHerbert  GovMikeDeWine   Will YOU be getting injected with  COVID biologic sur ,1
262,JNJ,RT  REALITYofJNJ    GovofCO  GovLarryHogan  MassGovernor  govkristinoem  henrymcmaster  Looks like  COVID     vaxx is filled with nanobots ,RT  REALITYofJNJ    GovofCO  GovLarryHogan  MassGovernor  govkristinoem  henrymcmaster  Looks like  COVID     vaxx is filled with nanobots ,1
263,JNJ,RT  REALITYofJNJ    GovofCO  GovLarryHogan  MassGovernor  govkristinoem  henrymcmaster  I m thinking not many people would want to be injec ,RT  REALITYofJNJ    GovofCO  GovLarryHogan  MassGovernor  govkristinoem  henrymcmaster  I m thinking not many people would want to be injec ,1
264,JNJ,RT  REALITYofJNJ    GovofCO  GovLarryHogan  MassGovernor  govkristinoem  henrymcmaster  Will YOU be getting injected with  COVID biologic s ,RT  REALITYofJNJ    GovofCO  GovLarryHogan  MassGovernor  govkristinoem  henrymcmaster  Will YOU be getting injected with  COVID biologic s ,1
265,JNJ,RT  REALITYofJNJ    GovWhitmer  GovernorVA  JohnCarneyDE  GovHerbert  GovMikeDeWine   I m thinking not many people would want to be injecte ,RT  REALITYofJNJ    GovWhitmer  GovernorVA  JohnCarneyDE  GovHerbert  GovMikeDeWine   I m thinking not many people would want to be injecte ,1
266,JNJ,                                             ,                                             ,1
267,JNJ,RT  REALITYofJNJ    GovWhitmer  GovernorVA  JohnCarneyDE  GovHerbert  GovMikeDeWine   I m thinking not many people would want to be injecte ,RT  REALITYofJNJ    GovWhitmer  GovernorVA  JohnCarneyDE  GovHerbert  GovMikeDeWine   I m thinking not many people would want to be injecte ,1
268,JNJ,RT  REALITYofJNJ    GovWhitmer  GovernorVA  JohnCarneyDE  GovHerbert  GovMikeDeWine   Looks like  COVID     vaxx is filled with nanobots to ,RT  REALITYofJNJ    GovWhitmer  GovernorVA  JohnCarneyDE  GovHerbert  GovMikeDeWine   Looks like  COVID     vaxx is filled with nanobots to ,1
269,JNJ, InvJav  CDividendos  LocodlDividendo  AMG Aviles  BaronDividendo  dividend man  DividendStreet  JNJ, InvJav  CDividendos  LocodlDividendo  AMG Aviles  BaronDividendo  dividend man  DividendStreet  JNJ,1
270,JNJ,RT  REALITYofJNJ    GovRaimondo  OregonGovBrown  GovStitt  DougBurgum  NC Governor   I m thinking not many people would want to be injected ,RT  REALITYofJNJ    GovRaimondo  OregonGovBrown  GovStitt  DougBurgum  NC Governor   I m thinking not many people would want to be injected ,1
271,JNJ,RT  jahbilinbilinan  Christmas Drawing Challenge ni  ARTSB   Day    Candy Cane  Joshtin munaaaa tekaaaa Thanks  JnJ Official for being my i ,RT  jahbilinbilinan  Christmas Drawing Challenge ni  ARTSB   Day    Candy Cane  Joshtin munaaaa tekaaaa Thanks  JnJ Official for being my i ,1
272,JNJ,RT  REALITYofJNJ    GovNedLamont  WVGovernor  GovEvers  GovernorGordon  GovInslee  Will YOU be getting injected with  COVID     biologic su ,RT  REALITYofJNJ    GovNedLamont  WVGovernor  GovEvers  GovernorGordon  GovInslee  Will YOU be getting injected with  COVID     biologic su ,1
273,JNJ,RT  REALITYofJNJ    GovNedLamont  WVGovernor  GovEvers  GovernorGordon  GovInslee  I m thinking not many people would want to be injected w ,RT  REALITYofJNJ    GovNedLamont  WVGovernor  GovEvers  GovernorGordon  GovInslee  I m thinking not many people would want to be injected w ,1
274,JNJ,RT  REALITYofJNJ    GovNedLamont  WVGovernor  GovEvers  GovernorGordon  GovInslee  Looks like  COVID     vaxx is filled with nanobots to ho ,RT  REALITYofJNJ    GovNedLamont  WVGovernor  GovEvers  GovernorGordon  GovInslee  Looks like  COVID     vaxx is filled with nanobots to ho ,1
275,JNJ,RT  REALITYofJNJ    GovAndyBeshear  GovLauraKelly  IAGovernor  GovHolcomb  JBPritzker  Looks like  COVID     vaxx is filled with nanobots t ,RT  REALITYofJNJ    GovAndyBeshear  GovLauraKelly  IAGovernor  GovHolcomb  JBPritzker  Looks like  COVID     vaxx is filled with nanobots t ,1
276,JNJ,RT  JavierNavarroja  ES RIDICULO VER A GENTE TATUADA HASTA EL LOLY  CON PIRSHING CON TODA CLASE DE VICIOS Y COMPORTAMIENTOS EXTRA OS ANDAR ,RT  JavierNavarroja  ES RIDICULO VER A GENTE TATUADA HASTA EL LOLY  CON PIRSHING CON TODA CLASE DE VICIOS Y COMPORTAMIENTOS EXTRA OS ANDAR ,1
277,JNJ,RT  REALITYofJNJ    GovernorLittle  GovHawaii  dougducey  GovDunleavy  GovernorKayIvey  I m thinking not many people would want to be injec ,RT  REALITYofJNJ    GovernorLittle  GovHawaii  dougducey  GovDunleavy  GovernorKayIvey  I m thinking not many people would want to be injec ,1
278,JNJ,RT  REALITYofJNJ    GovernorLittle  GovHawaii  dougducey  GovDunleavy  GovernorKayIvey  Looks like  COVID     vaxx is filled with nanobots ,RT  REALITYofJNJ    GovernorLittle  GovHawaii  dougducey  GovDunleavy  GovernorKayIvey  Looks like  COVID     vaxx is filled with nanobots ,1
279,JNJ,RT  JavierNavarroja  EN CHINA EL ESTADO PROFUNDO CREO LA FALSA PANDEMIA PARA REPRIMIR A LAS PROTESTAS EN HONG KONG Y LES QUEDO TAN BIEN EL ,RT  JavierNavarroja  EN CHINA EL ESTADO PROFUNDO CREO LA FALSA PANDEMIA PARA REPRIMIR A LAS PROTESTAS EN HONG KONG Y LES QUEDO TAN BIEN EL ,1
280,JNJ,RT  REALITYofJNJ    GovAndyBeshear  GovLauraKelly  IAGovernor  GovHolcomb  JBPritzker  I m thinking not many people would want to be inject ,RT  REALITYofJNJ    GovAndyBeshear  GovLauraKelly  IAGovernor  GovHolcomb  JBPritzker  I m thinking not many people would want to be inject ,1
281,JNJ,RT  REALITYofJNJ    GovAndyBeshear  GovLauraKelly  IAGovernor  GovHolcomb  JBPritzker  Will YOU be getting injected with  COVID biologic su ,RT  REALITYofJNJ    GovAndyBeshear  GovLauraKelly  IAGovernor  GovHolcomb  JBPritzker  Will YOU be getting injected with  COVID biologic su ,1
282,JNJ,RT  REALITYofJNJ    GovAndyBeshear  GovLauraKelly  IAGovernor  GovHolcomb  JBPritzker  I m thinking not many people would want to be inject ,RT  REALITYofJNJ    GovAndyBeshear  GovLauraKelly  IAGovernor  GovHolcomb  JBPritzker  I m thinking not many people would want to be inject ,1
283,JNJ,RT  sbinoynten        Bago ako matulog   Never forget   pangatlong basbas na to ni  JoshCullen s   Gusto ko lang sabihin na salamat master ,RT  sbinoynten        Bago ako matulog   Never forget   pangatlong basbas na to ni  JoshCullen s   Gusto ko lang sabihin na salamat master ,1
284,JNJ,RT  REALITYofJNJ    GovAndyBeshear  GovLauraKelly  IAGovernor  GovHolcomb  JBPritzker  Looks like  COVID     vaxx is filled with nanobots t ,RT  REALITYofJNJ    GovAndyBeshear  GovLauraKelly  IAGovernor  GovHolcomb  JBPritzker  Looks like  COVID     vaxx is filled with nanobots t ,1
285,JNJ,RT  REALITYofJNJ    GovAndyBeshear  GovLauraKelly  IAGovernor  GovHolcomb  JBPritzker  Looks like  COVID     vaxx is filled with nanobots t ,RT  REALITYofJNJ    GovAndyBeshear  GovLauraKelly  IAGovernor  GovHolcomb  JBPritzker  Looks like  COVID     vaxx is filled with nanobots t ,1
286,JNJ,RT  REALITYofJNJ    GovAndyBeshear  GovLauraKelly  IAGovernor  GovHolcomb  JBPritzker  Looks like  COVID     vaxx is filled with nanobots t ,RT  REALITYofJNJ    GovAndyBeshear  GovLauraKelly  IAGovernor  GovHolcomb  JBPritzker  Looks like  COVID     vaxx is filled with nanobots t ,1
287,JNJ,RT  REALITYofJNJ    GovRaimondo  OregonGovBrown  GovStitt  DougBurgum  NC Governor   Will YOU be getting injected with  COVID     biologic ,RT  REALITYofJNJ    GovRaimondo  OregonGovBrown  GovStitt  DougBurgum  NC Governor   Will YOU be getting injected with  COVID     biologic ,1
288,JNJ,RT  REALITYofJNJ    GovRaimondo  OregonGovBrown  GovStitt  DougBurgum  NC Governor   Looks like  COVID     vaxx is filled with nanobots to ,RT  REALITYofJNJ    GovRaimondo  OregonGovBrown  GovStitt  DougBurgum  NC Governor   Looks like  COVID     vaxx is filled with nanobots to ,1
289,JNJ,RT  REALITYofJNJ    GovRaimondo  OregonGovBrown  GovStitt  DougBurgum  NC Governor   I m thinking not many people would want to be injected ,RT  REALITYofJNJ    GovRaimondo  OregonGovBrown  GovStitt  DougBurgum  NC Governor   I m thinking not many people would want to be injected ,1
290,JNJ,RT  REALITYofJNJ    GovernorLittle  GovHawaii  dougducey  GovDunleavy  GovernorKayIvey  Looks like  COVID     vaxx is filled with nanobots ,RT  REALITYofJNJ    GovernorLittle  GovHawaii  dougducey  GovDunleavy  GovernorKayIvey  Looks like  COVID     vaxx is filled with nanobots ,1
291,JNJ,RT  REALITYofJNJ    GovernorLittle  GovHawaii  dougducey  GovDunleavy  GovernorKayIvey  I m thinking not many people would want to be injec ,RT  REALITYofJNJ    GovernorLittle  GovHawaii  dougducey  GovDunleavy  GovernorKayIvey  I m thinking not many people would want to be injec ,1
292,JNJ,RT  REALITYofJNJ    GovernorLittle  GovHawaii  dougducey  GovDunleavy  GovernorKayIvey  Will YOUbe getting injected with the biologic surve ,RT  REALITYofJNJ    GovernorLittle  GovHawaii  dougducey  GovDunleavy  GovernorKayIvey  Will YOUbe getting injected with the biologic surve ,1
293,JNJ,RT  REALITYofJNJ    GovParsonMO  tatereeves  GovTimWalz  GovJanetMills  LouisianaGov  Looks like  COVID     vaxx is filled with nanobots to ,RT  REALITYofJNJ    GovParsonMO  tatereeves  GovTimWalz  GovJanetMills  LouisianaGov  Looks like  COVID     vaxx is filled with nanobots to ,1
294,JNJ,RT  REALITYofJNJ    GovParsonMO  tatereeves  GovTimWalz  GovJanetMills  LouisianaGov  I m thinking not many people would want to be injecte ,RT  REALITYofJNJ    GovParsonMO  tatereeves  GovTimWalz  GovJanetMills  LouisianaGov  I m thinking not many people would want to be injecte ,1
295,JNJ,RT  REALITYofJNJ    GovParsonMO  tatereeves  GovTimWalz  GovJanetMills  LouisianaGov  Will YOU be getting injected with the COVID biologic ,RT  REALITYofJNJ    GovParsonMO  tatereeves  GovTimWalz  GovJanetMills  LouisianaGov  Will YOU be getting injected with the COVID biologic ,1
296,JNJ,RT  REALITYofJNJ    GovMLG  GovChrisSununu  SteveSisolak  GovRicketts  GovernorBullock  Looks like  COVID     vaxx is filled with nanobots ,RT  REALITYofJNJ    GovMLG  GovChrisSununu  SteveSisolak  GovRicketts  GovernorBullock  Looks like  COVID     vaxx is filled with nanobots ,1
297,JNJ,RT  REALITYofJNJ    GovMLG  GovChrisSununu  SteveSisolak  GovRicketts  GovernorBullock  I m thinking not many people would want to be injec ,RT  REALITYofJNJ    GovMLG  GovChrisSununu  SteveSisolak  GovRicketts  GovernorBullock  I m thinking not many people would want to be injec ,1
298,JNJ,RT  REALITYofJNJ    GovMLG  GovChrisSununu  SteveSisolak  GovRicketts  GovernorBullock  Will YOUbe getting injected with the biologic surve ,RT  REALITYofJNJ    GovMLG  GovChrisSununu  SteveSisolak  GovRicketts  GovernorBullock  Will YOUbe getting injected with the biologic surve ,1
299,JNJ,RT  REALITYofJNJ    GovRonDeSantis  GovernorTomWolf  GovKemp  GovBillLee  GovAbbott   Looks like  COVID     vaxx is filled with nanobots to ,RT  REALITYofJNJ    GovRonDeSantis  GovernorTomWolf  GovKemp  GovBillLee  GovAbbott   Looks like  COVID     vaxx is filled with nanobots to ,1
300,JNJ,RT  REALITYofJNJ    GovRonDeSantis  GovernorTomWolf  GovKemp  GovBillLee  GovAbbott   I m thinking not many people would want to be injecte ,RT  REALITYofJNJ    GovRonDeSantis  GovernorTomWolf  GovKemp  GovBillLee  GovAbbott   I m thinking not many people would want to be injecte ,1
301,JNJ,RT  REALITYofJNJ    GovRonDeSantis  GovernorTomWolf  GovKemp  GovBillLee  GovAbbott   Will YOU be getting injected with  COVID biologic sur ,RT  REALITYofJNJ    GovRonDeSantis  GovernorTomWolf  GovKemp  GovBillLee  GovAbbott   Will YOU be getting injected with  COVID biologic sur ,1
302,JNJ,RT  REALITYofJNJ    GovRonDeSantis  GovernorTomWolf  GovKemp  GovBillLee  GovAbbott   I m thinking not many people would want to be injecte ,RT  REALITYofJNJ    GovRonDeSantis  GovernorTomWolf  GovKemp  GovBillLee  GovAbbott   I m thinking not many people would want to be injecte ,1
303,JNJ, alert OT  LOTTO   Buy  NKLA   c               SPY  SPX  MSFT  AAPL  AMZN  BA  FB  GOOGL  JNJ  BRK B  V  JPM  TSLA  CMG, alert OT  LOTTO   Buy  NKLA   c               SPY  SPX  MSFT  AAPL  AMZN  BA  FB  GOOGL  JNJ  BRK B  V  JPM  TSLA  CMG,1
304,JNJ,GIMANAAA JNJ AKU GK NGANTUKKK,GIMANAAA JNJ AKU GK NGANTUKKK,1
305,JNJ,RT  jahbilinbilinan  Christmas Drawing Challenge ni  ARTSB   Day    Candy Cane  Joshtin munaaaa tekaaaa Thanks  JnJ Official for being my i ,RT  jahbilinbilinan  Christmas Drawing Challenge ni  ARTSB   Day    Candy Cane  Joshtin munaaaa tekaaaa Thanks  JnJ Official for being my i ,1
306,JNJ,                        T T,                        T T,1
307,JNJ,RT  JavierNavarroja  NO SE PUEDE DERROCAR AL GOBIERNO NI AL DUOPOLIO SATANICO ORWELLIANO MIENTRAS LA GENTE TONTA SIGA CREYENDO EN LA PANDEM ,RT  JavierNavarroja  NO SE PUEDE DERROCAR AL GOBIERNO NI AL DUOPOLIO SATANICO ORWELLIANO MIENTRAS LA GENTE TONTA SIGA CREYENDO EN LA PANDEM ,1
308,JNJ,RT  JNJInnovation   JNJ recognizes the need to address racial disparities within  healthcare  which is why the Black Innovators in Skin Hea ,RT  JNJInnovation   JNJ recognizes the need to address racial disparities within  healthcare  which is why the Black Innovators in Skin Hea ,1
